tweet_1,tweet_2,Class,Conflict
Guilherme Fiuza diz que Alexandre de Moraes não passa de um tiranete e ultrapassou todos os limites,"Boletim das 17h01 do dia 24/07/2020  Situação atual: Sem chuvas na região do Grande ABC. (Fonte: Pluviômetros CEMADEN).  Cenário para as próximas horas: Céu parcialmente nublado a claro, sem chuva.  (+)",0,0.0
peço perdao pessoal nao e do meu feitio defender a censura das pessoa apenas a de sara winter e allan terça livre,"TWITTER DERRUBA CONTAS DOS DISSEMINADORES DE FAKE NEWS:  ALLAN DOS SANTOS, SARA WINTER E BERNARDO!!!! UHUUUU!!!! QUEREM APOSTAR  QUE A TAG EM FAVOR DE SERGIO MORO VAI SUBIR AOS TRENDS ???",0,0.0
Roberto Jefferson acaba de afirmar no Terça Livre que o escritório do Luís Roberto Barroso recebeu mais de 3 milhões de reais nesse mês.   #FreedomOfSpeech,grande dia difícil,0,0.0
#STFVergonhaNacional bando de lixo,"Essa música vem acalhar nesse momento de censura descarada.   Descubra ""SING"" de My Chemical Romance na Deezer",0,0.0
"Quem comemora a censura hoje, chora amanhã por não pode se expressar. Espero que o ódio não tome conta de nós brasileiros, os charlatões da toga estão abusando já. Estamos precisando do ""cabo e do soldado"", somente carreata não intimida bandidos.","""No último ano e meio, a militância bolsonarista encheu o saco do Brasil defendendo intervenção militar e implantação do AI-5. Pois bem, nessa sexta-feira (24), acusam o Min. Alexandre de Moraes, de reeditar o AI-5."" Militância Fake, #GovernoDeFraudes",0,1.0
"Qual será o teor do ""textão"" que os Generais de pantufa farão - se é que farão, pra ""protestarem veementemente"" contra mais um abuso cometido no âmbito do #InqueritoIlegal do #STF que #Censura e persegue quem os critica?  #STFVergonhaNacional #stfvergonhanacinal #CensuraNao",#VozParaBernardoKuster Querem censurar a verdade para que a mentira prevaleça!,0,0.0
Este miúdo é uma comédia tão grande,Sabrinna está viciada em falar grande dia e isso me fez pensar no Bolsonaro pfv pare,0,0.0
bom dia estou pegando ranço de ********* grande dia,Twitter suspende contas de bolsonaristas por determinação de Alexandre de Moraes,0,0.0
"o meu defeito é não ter com pra unha grande, e quebro uma unha por dia po",BOM DIA - O que pensa da monogamia? Marcelo Bulhões -  Um grande equívoco (risos).,0,0.0
#STFVergonhaNacional Amazônia destruída ou preservada? A verdade sobre a Floresta - Entrevista com Evaristo de Miranda,O grande dia chegou   BDAY EMILLY E MAYLA,0,0.0
"Os mesmos q defendem liberdade de expressão comemoram agora a lei da censura, isso é tão irônico q nn da pra nn rir dessa gentalha kkkkkkk","como uma pessoa que cresceu no meio de um espaço cultural e politicamente ativo, com pessoas queer e que sempre foi ensinado contra censura é muito triste ler certas coisas",0,0.0
"Helio Nogueira - Roberto Jefferson: ""O Alexandre de Moraes está... | Facebook","Vivemos no BR a ditadura do STF, um tribunal Supremo, cheio de super poderes que, ao contrário de outras ditaduras, não foi cooptado pelo chefe do executivo ou exército, ele se auto ungiu o senhor da lei, de tudo e todos...  #apocalipse #naoacensura #STFVergonhaNacional",0,0.0
tanto de gente comemorando a censura do STF. Mesma galera da liberdade de expressão,"""Um homem de pouco escrúpulo, o ministro Alexandre Moraes, de tanto lidar com criminosos, adotou a personalidade dos criminosos""  Roberto Jefferson",0,0.0
"Facebook e Twitter suspendem contas de Luciano Hang, Allan dos Santos e Sara Winter após decisão do STF",Vontade de ficar de pijama o dia todo tá grande,0,0.0
Abaixo a censura do STF #FreedomOfSpeech,"Allan do Santos, Bernardo Kuster, Roberto Jefferson, Edson Salomão, Sara Winter e outros, todos foram calados hoje no Twitter a pedido da Justiça (STF). Censura meus amigos, censura!",0,0.0
Com a censura imposta pela ditadura do  é #Bolsonaro2022 de NOOOOVO PORRA!,#VozParaBernardoKuster Já passou da hora.....,0,0.0
Amanhã depois da incrível aula do  teremos uma livezinha grande jogando uns 25 jogos no mesmo dia!! Por volta de 14h rapaziada!,grande dia  só comi um misto hoje  n sei como n fico magra meu Deus,0,0.0
"Para acabar o dia em grande, espirrei 15 vezes seguidas","Liberdade de expressão para mim e boca fechada para vocês, se fosse uma conta qualquer de algum blogueiro apoiador do ladrão de nove dedos o mundo estaria caindo sobre o argumento de censura.",0,0.0
"Alexandre de Moraes envia notícia-crime contra Bolsonaro, Eduardo e Flávio para a PGR",os dois siso doendo na direita e esquerda  GRANDE DIA,0,0.0
"""A pior composição da Corte nos últimos 100 anos"" Bob Jeff","Ganhei uma ""campanha"" na empresa, demoram dias para me enviar o ""prêmio"" e ainda enviam ""inválido"". Fora a entrevista para mudar de função que eles jogaram no dia que entrei de férias. Tô tomando um nojo tão grande.",0,0.0
Como pode esses bolsominions criticarem tanto a corrupção e idolatrarem o tal Roberto Jefferson? #ForaBolsonaro,"Hello Pervertidx! Eu sou a Honey Doom e aqui nós podemos conversar e eu posso me exibir pra vocês com menos censura.  Meu perfil no Instagram foi deletado pelo meu conteúdo ser inadequado a plataforma, então eu realmente espero que o twitter me receba de uma melhor forma.",0,0.0
Todo o dia uma ilusão diferente meu pai pq fizestes da minha vida um grande sofrimento????,"Alexandre de Moraes não passou dos limites , ele é uma pessoa sem limites . Até quando iremos aceitar a Inquisição de Moraes ? Onde os condenados são aqueles que apoiam Bolsonaro , ou que fazem críticas ao STF. Hoje foram 16 , amanhã podem ser milhares !  #STFVergonhaNacional",0,0.0
"Roberto Jefferson: ""Moraes tem que entender que comigo o buraco é mais embaixo""",Obrigada Alexandre de Morais,0,0.0
"Ziriguidum normal. | ""OAB tem 'guerra' de pareceres sobre projeto de lei das fake news; há pelo menos dois pareceres que circulam na entidade, com visões totalmente opostas - um avalia a proposta como um possível censura, e outro a considera promissor""","Ué... e o AI-5? Nera pra voltar? ""Quero censura, mas se mandar eu parar de falar asneira eu cholo""",0,0.0
Se eu não tiver mais aqui é pq me bloquearam! Censura comendo solta hahahaha #FreedomOfSpeech,"Pior q me leva a pensar, ngm nunca me quer, grande dia",0,0.0
eu toda feliz escutando oh juliana lá fora metendo os passim olhando pro reflexo da porta qnd percebo um vizinho no telhado  grande dia,Jogo do Flu e live do Ferrugem mais tarde.  GRANDE DIA,0,0.0
#FreedomOfThePress  censura nao,"Bati de cara na fralda do meu sobrinho, grande dia",0,0.0
"De todos os atacados pelo STF, Roberto Jefferson é o único que não exige do Bolsonaro uma atitude. Sei que alguns vão dizer que ele ""possui cartas na manga que outros não"" e por isso pode falar o que quiser, mas tenham atenção para como é mais efetivo reagir em um momento desses.",E pau no cu do Satanás! #VozParaBernardoKuster,0,0.0
"Tive que estourar a porta aqui de casa para conseguir entrar, grande dia",#STFVergonhaNacional  11 canalhas!,0,0.0
"Direitos de ir e vir, de trabalhar, de opinião, de se expressar, de não ter censura -  mutilados nos dias de hoje? E o Supremo sendo também agente disso? Contra isso os paulistas se rebelaram há 88 anos, em 9 de julho de 1932.  E hoje?   via",Jefferson usa perfil da filha para mandar recado a Alexandre de Moraes LIBERDADE!,0,0.0
"Cada manhã cantarei com alegria sobre o Teu Amor (Salmos 59:16) Como é grande o meu amor por Ti, meu Pai. Que o Senhor abençoe cada um dia de nós hoje e sempre. Bom e Abençoado Dia!","Acho essas figuras como Allan dos Santos e Bernardo Kuster desprezíveis, mas não comemoro a censura que eles estão sofrendo. Lembrem-se que um dia podem censurar quem você gosta!",0,0.0
"Art. 5º, IX: ""é livre a expressão da atividade intelectual, artística, científica e de comunicação, independentemente de censura ou licença"".  Art. 220, § 2º:  ""É vedada toda e qualquer censura de natureza política, ideológica e artística.""",os consagrados pedem AI-5 e quando tem censura reclamam? ai meu deus aí fica dificil de acompanhar vcs gado,0,1.0
"Enquanto a grande imprensa está preocupada com Cloroquina e Ema, a Democracia e a Liberdade de Expressão morrem nas mãos do STF e a censura nas redes sociais acontece.","Voz para todos, a Ditadura do Supremo tem que acabar!!!!! #VozParaBernardoKuster",0,0.0
"liberdade de expressão não de ser usada para cometer CRIMES. liberdade de expressão não é espalhar FAKE NEWS. liberdade de expressão não é ameaçar os outros e instituições.   não é censura, é justiça.","Bom dia a todos   Grande dia para nós torcedores da FPX.   Lembrando que amanhã, com estimativa para às 8h da manhã, teremos TES x IG.",0,0.0
"Sim. Sim. Depois da Censura que agora existe no Brasil e não é por parte do Presidente Homofóbico, Ditador, Racista, e mto mais o qye queiram o chamar. .... voto Bolsonaro22 #Bolsonaro2022",A liberdade de expressão que tanto se fala acabou.,0,0.0
Roberto Jefferson no Terça Livre ao vivo! Acompanhe e deixe seu .,ROBERTO JEFFERSON EXPÕE RAIO X DE MINISTROS DO STF. #STFVergonhaNacional #STFOrganizacaoCriminosa #STFEscritorioDoCrime #STFEscritorioDoCrimeOrganizado #STFInimigoDoBrasil #STFGabineteDoOdio #STFNaoVaiNosCalar,0,0.0
Não cumprem o dever de Ministro. #STFVergonhaNacional,Quem será a próxima Vítima da #censura do  hein?! #FreedomOfSpeech  #VozParaBernardoKuster,0,0.0
Promotores e procuradores pressionam Alcolumbre pelo impeachment de Alex...  via  #JairCadaVezMaisForte #FechadoComBolsonaro #B38 #ForaMaia #NaoVoteNoDem  #STFVergonhaNacional #FORAMORAES #PrisaoDoAlexandreDeMoraes #CensuraDoSTF #MoraesNaoVaiMeCalar,"""É necessário a interrupção da subversão da ordem e incentivo à quebra da normalidade institucional e democrática”.  Pronto. Alexandre de Moraes acabou de criar a base para a prisão de.... Alexandre de Moraes.",0,0.0
"ATENÇÃO: Alexandre de Moraes, STF, mandou o twitter suspender 16 contas bolsonarostas entre elas Sara Winter, Roberto Jefferson, Allan dos Santos, Bernardo Küster e dos empresários Luciano Hang e Edgard Corona por causa do inquérito das fake news.",O silêncio dos jornalistas é ensurdecedor! #VozParaBernardoKuster,0,0.0
A censura “legal“ está cada dia mais se impondo no país. Dias sombrios estão se aproximando…￼,"Se a justiça é cega e a balança deve pesar igual em ambos os lados.  Quando vão bloquear, ou melhor, censurar os perfis de extrema esquerda tbm? #STFNaoVaiNosCalar #STFVergonhaNacional #STF #CensuraNao #CensuraJamais #CensuraDoSTF",0,0.0
Pena que hj em dia isso é considerado brega pra uma grande parte da galera,"Pois o dia está próximo, o dia do Senhor está próximo; será dia de nuvens, uma época de condenação para as nações.  Ezequiel 30:3  O grande e terrível dia do Senhor está chegando, e para todos que perderem o arrebatamento será dias de grandes trevas.  #TheGlobalVigil",0,0.0
"Não adianta agora ficar falando, vamos mudar para o Parler, lá não tem censura. O problema está acontecendo aqui, vamos pular do barco pq é conveniente? Pq é mais fácil? Não, eu fico até o fim!  #CensuraJamais","URGENTE: Twitter e Facebook suspendem contas e blogueiros e empresários investigados no inquérito das fake news. Entre as contas suspensas estão a do blogueiro Allan Lopes dos Santos, a da militante Sara Geromini e do empresário Luciano Hang.",0,0.0
"𝗔𝗻𝗮́𝗹𝗶𝘀𝗲 𝗡𝗘𝗕𝗥𝗜𝗖𝗦 - 𝐆𝐞𝐨𝐩𝐨𝐥í𝐭𝐢𝐜𝐚 𝐑𝐮𝐬𝐬𝐚  No dia 17 de Julho, Putin promoveu um grande exercício militar visando garantir a “segurança no sudoeste russo”, segundo o Ministério da Defesa  Entenda mais em:   Por:","O negócio é que MUITA gente defendendo a decisão do STF não está nem aí para o que é e o que não é fake news, se é ou não é censura e etc. Querem que as contas sejam excluídas por pura rivalidade e birra ideológica, por não conseguirem conviver com o diferente.",0,0.0
"Última paciente do dia, tratei aquele canal de molar bem complicado, orientei em relação ao pós operatório e a pergunta da paciente foi se poderia fumar a maconha dela na paz.... eu dei uma gaitada tão grande e terminei o dia feliz","Disseminar mentiras ,calúnias  e incitar o ódio não é liberdade de expressão, é crime #VozParaBernardoKuster",0,0.0
- Quero a volta do AI-5!   Conta bloqueada no Twitter   - Que absurdo! Censura!   Conhecimento histórico: zero!,"Ai gente, vocês pedem o AI-5 e agora estão reclamando de censura? É uma piada das boas kkkkk É aí que vemos que vocês são altamente manipulados pelas lorotas do presidente. #censura",0,0.0
#VozParaBernardoKuster Coincidência...sai pesquisa com o PR vencendo em todos os cenários que as contas foram bloqueadas!!!  Não vão nos calar!!,"Bom Dia, Rio Grande do Sul Voltou o frio  #FiqueEmCasa",0,0.0
ATIVISTAS CONSERVADORES DRIBLAM CENSURA DO STF. SAIBA COMO.,"Quem venceria um debate entre Roberto Jefferson e Jair Bolsonaro, onde a única regra é não poder mentir?",0,0.0
"O país está sobre até de censura pelo STF e com a ajuda da mídia alternativa. Hoje eles comemora, mais tarde o choro vem, o que impedirá que isso aconteça com eles?","hj fomos de ""Dora aventureira"" o churrasco no morro grande fica pra outro dia, um abraço meus amigos",0,0.0
Absurda essa censura feita pelo pior STF de todos os tempos digna de ditaduras como Coreia do Norte e Cuba.,DENÚNCIA: JORNALISTA OSWALDO EUSTÁQUIO FOI PRESO PORQUE DESCOBRIU ESQUEMA BOMBA CHEFIADO PELA ESPOSA DE ALEXANDRE DE MORAES. #STFNaoVaiNosCalar,0,0.0
Nossa mt mas MT OBG msm por JOGAR na minha cara que meu MLHR AMG confia mais em vc doq em mim e por me lembrar q eu sou uma total INÚTIL e insuficiente do krlh K K K   GRANDE DIA MEUS AMIGOS GRANDE DIA     Nmrl VTNC FDP,Não dá mais pra Maia segurar. Ou ele aceita o Impeachment do genocida ou não se elege mais NUNCA... #GovernoDeFraudes Coluna Econômica: as discussões bizantinas em torno da reforma fiscal  via,0,0.0
Presidente Bolsonaro testa NEGATIVO para o covid. Mais um dos milhões de recuperados do Brasil. Grande dia!,Alexandre de Moraes provoca perigosa escalada da censura. A pior ditadura é a do judiciário.  #STFVergonhaNacional,0,0.0
"A Globo ao vivo, triste, dando a notícia que o novo teste pra Covid-19 do presidente deu negativo. Já era esperado.  Grande dia!",Dor em todo meu corpo grande dia,0,0.0
Quando pedem AI-5 mas reclamam da Censura!!!,"Grande dia,dei um tchauzinho e um sorrisinho pra minha sogra e peguei o whats dela",0,0.0
"O fato é: No mesmo dia que soubemos que as meninas assinaram com a RCA, questionamos qual artista britânico da gravadora vocês tinham como referência de um artista grande. Resposta: Não existe. O Olly Murs saiu da Syco, também devido a gestão, e carreira só fez desandar com a RCA","já repararam que não tem nenhum grande gênio hoje em dia? pois é, é que eles tão se matando muito cedo.",0,0.0
sdds daquele dia q a gente pediu pizza e era pra vir um broto doce mas fizeram errado e veio uma grande acho q foi o melhor dia da minha vida,"Bom dia! em Cachoeirinha, Rio Grande do Sul",0,0.0
"A reação totalmente destemperada e ridícula dos nossos Jornalistas esportivos, revela o grande despreparo que tem com as críticas que vem recebendo. Se sentem no direito de criticar a tudo e a todos, mas não aceitam críticas a suas posições. Refletem a cada dia suas deficiências.","ROBERTO JEFFERSON SEMPRE DISSE Q O PT NÃO AMA O SER HUMANO, MAS SIM AMA UM ESTADO IDEAL, Q O POVO DO PT SÃO PROXENETAS DO PARLAMENTO.",0,0.0
"#FreedomOfSpeech Não vamos aceitar censura, hj são eles, amanhã somos nós.",Idiotas acham que combater fake news é censura.,0,1.0
"A Polícia Federal esteve agora na casa do humorista  Por ordem do ministro do STF, Alexandre de Moraes!   Querem nos calar!!",Os verdadeiros Fascistas estão comemorando a Censura da Toga gritando: GRANDE DIA! Canalhas Vagabundos!,0,0.0
n acredito fui ver aquele filme de bosta chorei igual uma desgraçada  minhas inseguranças em relação a namoro e etc só se fortaleceram grande dia vai toma no cu,23:59 = sou antifascista  00:00 = concordo com censura através do Estado só pq foram contra pessoas que discordo,0,0.0
"Motogpfoxsports Bom dia amigos do canal Fox Sports, Téo, vou reiterar o pedido pra vcs colocarem as fotos dos nossos ouvintes. Um grande abraço pra vcs Luiz Borges de Barra do Piraí RJ","Censura é quando um direito, uma liberdade civil é atacada. Os bolsominions não foram censurados pelo STF, eles cometeram crimes! E a história de bandido bom é bandido morto?",0,0.0
"Que delícia ver a esquerdalha fascista comemorando antes da hora Ver mes como o   comemorando antes da hora Relaxa ae fascistoides apoiadores da censura, assistam o vídeo q verão como vcs são burrinhos kkkkkk #Bolsonaro2022",A esquerda ta desesperada com o GRANDE DIA. Todos os cenários de pesquisas Bolsonaro ganha com grande margem. Kkkk,0,0.0
USE VPN onde a censura dos paises atrasados não alcança !  defende nossa Liberdade com os MAriners Corps !,O desembargador de Santos é o retrato da Justiça brasileira: 43 reclamações! Punição mais grave? Censura assalariada.,0,0.0
#STFVergonhaNacional Tá querendo o povo todo entrando lá e quebrando tudo né?  Só pode. Democracia é cada um falar o que quiser. Fdp #Bolsonaro2022,"Entre os perfis bloqueados estão o do presidente do PTB, Roberto Jefferson; dos empresários Luciano Hang, Edgard Corona, Otávio Fakhoury e Bernardo Küster",0,0.0
Censura: Twitter cumpre decisão de Alexandre de Moraes e retira do ar contas de Bolsonaristas,Comenta aqui quem quer ver todos os ministros do STF destituídos e presos. #STFVergonhaNacional,0,0.0
A CENSURA NAS REDES SOCIAIS JÁ   COMEÇOU E A PL 2630 AINDA NÃO FOI APROVADA IMAGINA QUANDO FOR... NÃO PODEMOS NOS CALAR! NÃO A CENSURA NO BRASIL!!!!!!! NÃO ESQUEÇA INSCREVA-SE NO CANAL PRECISO DA SUA AJUDA PRA GANHAR MAIS ALCANCE E VOZ... OBRIGADO!,"#STFVergonhaNacional Aprovação de Bolsonaro sobe, dólar cai, Bolsa acima de 100 mil pontos, Agronegócio bate recorde, 19 meses sem 1 único caso de corrupção no governo, obras entregues ao povo... E a oposição, facção do STF, imprensa corrupta... à beira de um ataque de nervos",0,0.0
"Mas quanto tempo fica preso hj em dia? Um dia? Talvez nem tanto. Roberto Jefferson, presidente do PTB, merece ser preso de novo  via",Nossa mt mas MT OBG msm por JOGAR na minha cara que meu MLHR AMG confia mais em vc doq em mim e por me lembrar q eu sou uma total INÚTIL e insuficiente do krlh K K K   GRANDE DIA MEUS AMIGOS GRANDE DIA     Nmrl VTNC FDP,0,0.0
Que aconteceu com o Bernardo Kuster gente?,#VozParaBernardoKuster Quando os bons se calam o mal prevalece,0,0.0
Escândalo incontido: Supremo censura bolsonaristas.  o brazil dos capa pretas.......,"Meu namorado evolui cada dia mais, como pessoa, como namorado, como profissional e etc... É muito bom saber que tenho uma porcentagem muito grande de participação.  Já diz aquela frase: “tem males que vêm para o bem.” Foi necessário ele passar por situações e pessoas ruins.",0,0.0
"Já passei na cota de raiva por hoje, e provavelmente deixei pessoas que eu gosto e admiro com raiva de mim também... Grande dia",muita luta depois eu e a esther ganhamo uma de fortnite grande dia,0,0.0
ROBERTO JEFFERSON: “OS 11 MINISTROS DO STF FORMARAM UMA ORGANIZAÇÃO CRIMINOSA” ===========,#VozParaBernardoKuster #STFVergonhaNacional #STFOrganizacaoCriminosa #AI5 #DitaduraDaToga não vão nos calar,0,0.0
"SAIBA TUDO SOBRE ALEXANDRE DE MORAES, É DE CA1R O QUEIXO!  via","É errado a suprema corte decidir qual informação pode circular no país, e começa pela inconstitucionalidade. Em que lugar do mundo a mesma pessoa, indicia, investiga e julga o processo? É isso que Alexandre de Moraes está fazendo hoje. E quem deve investigar o STF? Segue...",0,0.0
"A 'famosidade' de ministro semi deus, protagonista da ditatoga!!!","boa atuação do sinistro alexandre de  moraes do stf. deveria se chamar, RELANTE SEM MORAL ao usar uruturidade vossa excremencia irá tapar a boca de todos os 57 milhões que não gostam da forma como procede os 11 comunistas que atuam na suprema corte #STFVergonhaNacional",0,0.0
será que um dia eu me tornarei um grande gostoso,"Já passou da hora!!!  Roberto Jefferson, presidente do PTB, merece ser preso de novo  via",0,0.0
"Minha opinião sobre a censura de contas conservadoras no Twitter. Por mais que eu desconfie dessa manobra como um palanque político,por outro lado fica evidente como as liberdades individuais estão ficando escassas no mundo,ainda mais no contexto atual de engenharia social.",vamos  acabar  com censura no brasil,0,0.0
Alexandre de Moraes leva a RESPOSTA URGENTE de VlTlMA do STF.  via    CENSURA INSTALADA NO BRASIL         COMPARTILHEM,Perfis de bolsonaristas no Twitter são suspensos por determinação de Alexandre de Moraes,0,0.0
"GRANDE DIA pois mesmo com tentativa do cabeça de piroca tentar censurar os perfis estão ativa, por Mito derrubar todos nas eleições de 2022 segundo pesquisas feita por instituições petista/psolista e de ver os financiadores de homicida e traficantes comemorando atoa. kkkkkkkkkk",A CENSURA   NAS  REDES SOCIAIS JÁ COMEÇOU E A PL 2630 AINDA NÃO FOI APROVADA IMAGINA QUANDO FOR... NÃO ESQUEÇA INSCREVA-SE NO CANAL PRECISO DA SUA AJUDA PRA GANHAR MAIS ALCANCE E VOZ... OBRIGADO!,0,0.0
Absurdo a decisão monocrática de uma clara censura em arbitramento contra a nossa constituição !,Objetivos de muitos são ficarem ricos   Objetivos de outros é serem min. do STF  #VozParaBernardoKuster,0,0.0
"Bom dia é o caralho, excelente dia, grande dia, maravilhoso dia,último dia no caixa 24 é de glorificar a Deus.",Vocês reclama que censuraram a Sara Winter pedindo AI-5? Vocês são malucos?,0,0.0
Agora #VozParaBernardoKuster,Jô Soares entrevista Roberto Jefferson 05/07/2005  via,0,0.0
"Quanto você pensa que os ministros do STF não poderiam ser mais medíocres, eles vão lá e se superam...   Vamos destruir a grande mídia, sigam","As medidas extremas do STF refletem o grau de desespero diante da conscientização do povo. Sabe o que isto significa? ""Tá cada vez mais perto o dia em que corruptos do Senado/Congresso/judiciário irão implorar por um camburão de policia na porta de casa"". #VozParaBernardoKuster",0,0.0
"VENDO:    - fala de desenho o dia inteiro - tem várias personalidades, uma hora tá fofa e outra hora manda vc tomar no cu - tem um ego grande  - no fundo ela é legal  dúvidas chamar inbox",Pediam AI-5 e agora estão reclamando de censura este gado e alienado sem cerebro mesmo.,0,0.0
"M. de Assis não teria feito caricatura tão boa do empresário liberal BR quanto é o Véio da Havan. Roupa de Zé Carioca; nome da loja q lembra Cuba, mas faz ode à NY; e, por fim, o famoso “Liberalismo para os outros, passa a grana!”  72 Milhões do BNDES","Estamos vivendo sob o jugo de um #GovernodeFraudes, e a primeira delas foi ter ganhado as eleições bom base em fake news, enganando o povo brasileiro e disseminando o ódio entre as pessoas. #ForaBolsonaro #voltacpmidafakenews",0,0.0
AMIGO DO PEITO: Juiz manda soltar fundador da Qualicorp preso em operação da PF   #CensuraJamais #Censura #CensuraNao #STFVergonhaNacinal #Bolsonaro2022  #FechadoComBolsonaro #FechadoComBolsonaroAte2026,Estou revoltada!!!!!!   #VozParaBernardoKuster,0,0.0
sina joalin e sofya as filhas do bolsonaro com a sara winter,Escrever uma Lovesong foda mas não ter ninguém pra ouvir ela juntinho... grande dia,0,0.0
"Para quem está aí quietinho, achando que vai se safar da censura, e que acham que só perfis grandes foram derrubados hoje, aí vai o exemplo do perfil  que foi retido com pouco mais de 7 mil seguidores. Você será o próximo!","Censurar pessoas que explicitam suas opiniões assinando-as, qualquer um censura. Quero ver censurar os corajosos que se escondem no anonimato.",0,0.0
"""Deus quebre as mãos deles'' diz Roberto Jefferson","Nossa mano são quase 8h e minha mãe já me mandou a merda, grande dia",0,0.0
"Hora Conservadora 25 - Fundeb, Censura, Poder  via",Afaste-se de quem comemora censura. E desmascare-os sempre que possível.,0,0.0
E teu pai que chamava de censura a suspensao de conta bolsonarista,"É uma injustiça o , a  e a  não serem censurados pelo ministro da verdade Alexandre de Moraes, o que os outros fizeram que eles não?",0,1.0
caí no gemidão e acordei minha mae sem querer grande dia,"CENSURA DO STF: Twitter cumpre decisão do ministro do STF, Alexandre de Moraes e bloqueia contas de apoiadores do presidente Bolsonaro!",0,0.0
Vocês também estão sentindo que o clima aqui no Twitter deu uma melhorada?,Comunista defendendo a censura. Nada de novo por aqui.,1,1.0
O tiranete Alexandre de Moraes passou de todos os limites. Ele agora decide sozinho qual informação pode circular no país? Ele decide quem fala e quem cala a boca? Ou os democratas reagem agora a este ato de censura s/ precedentes ou não podem mais falar em liberdade de expressão,Eu não consigo ler isso sem passar raiva desse fdp!!! É isso mesmo que ele é: um FDP!!! Da pior espécie!!!,1,0.0
O tiranete Alexandre de Moraes passou de todos os limites. Ele agora decide sozinho qual informação pode circular no país? Ele decide quem fala e quem cala a boca? Ou os democratas reagem agora a este ato de censura s/ precedentes ou não podem mais falar em liberdade de expressão,"Isso é total ditadura!! Mas e o executivo , não vai falar nada?? Este ""ministro"" do STF é um  CANALHA! #STFVergonhaNacional",1,0.0
"Hoje, 24/07, Fakhoury e demais investigados pelo inquérito das “fake news” foram surpreendidos com a suspensão de suas contas em redes sociais. Já existe um Habeas Corpus contra o ato praticado pelo Ministro Alexandre de Moraes sob a relatoria do Ministro Edson Fachin ...","... o PGR, Augusto Aras, já opinou pela concessão da ordem pleiteada para que seja desbloqueado os perfis de Fakhoury das redes sociais. A medida de bloqueio acarreta verdadeira censura por impedir a manifestação do pensamento de Fakhoury...",1,0.0
"É verdade que o Twitter derrubou várias contas de direita, entre elas: Roberto Jefferson, Allan dos Santos, Bernardo Kuster, Sara Winter... ?","Dessa vez a culpa não foi do Twitter, e sim do #STFVergonhaNacional",1,0.0
"Várias contas foram retidas do Twitter sob a justificativa de ""demanda legal"". , ,  e outros, todos defensores do governo e críticos do STF. Do que se trata? Não foram notificados de nada ainda. É o tal inquérito ilegal? Isso é censura!","CENSURA descarada! "" Tomar o poder é diferente de ganhar eleicao"" disse o ex guerrilheiro de extrema-esquerda... #STFNaoVaiNosCalar",1,0.0
"Podemos até usar este truque, mas precisamos lutar pela nossa liberdade de expressão! #VozParaBernardoKuster","Concordo, não podemos nos confirmar #VozParaBernardoKuster",1,0.0
"... o PGR, Augusto Aras, já opinou pela concessão da ordem pleiteada para que seja desbloqueado os perfis de Fakhoury das redes sociais. A medida de bloqueio acarreta verdadeira censura por impedir a manifestação do pensamento de Fakhoury...","...garantida pelo amplo sistema de liberdade de expressão.O STF já conferiu entendimento de que a liberdade de expressão goza de posição preferencial.Gritante a violação ao direito e livre manifestação pensamento com o bloqueio de contas das redes sociais, uma triste censura!!!",1,0.0
Liberdade de expressão! #VozParaBernardoKuster,Não vão calar a direita. #VozParaBernardoKuster,1,0.0
"Recentemente, por motivo de OPINIÃO E EXPRESSÃO, o Ministro Alexandre de Moraes mandou invadir e revistar, de novo,minha casa, na pequena comunidade onde vivo. Dois camburões na minha porta, o povo se aglomerou perguntando se eu seria preso novamente. Não perdôo a humilhação.","Perdoe mesmo não,  solte logo a  nos fdp do #STFVergonhaNacional.",1,0.0
O Twitter acabou de remover todas as contas de cidadãos comuns e jornalistas brasileiros conservadores. É o maior ato de censura já visto na história da humanidade!,Orações e Jejum. Porquê Deus é mais. #STFVergonhaNacional,1,0.0
O tiranete Alexandre de Moraes passou de todos os limites. Ele agora decide sozinho qual informação pode circular no país? Ele decide quem fala e quem cala a boca? Ou os democratas reagem agora a este ato de censura s/ precedentes ou não podem mais falar em liberdade de expressão,Momento sombrio! A sociedade precisa reagir!!! #VozParaBernardoKuster,1,0.0
"Os perfis do ,  (dentre outros) está liberado para quem vive fora do Brasil. Ou seja: a censura é apenas para brasileiros que vivem sob a ditadura.",Alterei a configuração para EUA e posso ver agora. #VozParaBernardoKuster,1,0.0
Liberdade de expressão! #VozParaBernardoKuster,Liberdade de expressão #VozParaBernardoKuster,1,0.0
"A censura ao Bernardo Küster é abjeta e inaceitável. Quando os tribunais começam a violar os direitos individuais mais básicos, é hora de a sociedade se unir e reagir. Os tiranos jamais podem se sentir confortáveis. #VozParaBernardoKuster","Ou reagimos agora, ou nos calarão de vez! #VozParaBernardoKuster",1,0.0
"E a ditadura do Judiciário segue firme, cada dia demonstrando mais e mais a sua tirania. Ou a sociedade reaje ou será totalmente subjugada.  #DitaduraDoJudiciario #DitaduraNuncaMais  #CensuraJamais  #STFVergonhaNacional",esse alexandre de morais deve ser preso imediatamente,1,0.0
"As contas censuradas hoje contam com mais leitores do que os grandes jornais e veículos da velha imprensa.  Ou seja, a decisão de bloquear essas contas equivale ao fechamento de jornais e televisões, goste você ou não das opiniões emitidas por tais perfis.  Censura abjeta!",É quem pode resolver ou acabar com mais essa censura????,1,0.0
"Me faltam adjetivos pra classificar a suspensão de contas em redes sociais APENAS de apoiadores do Governo.   Para os da esquerda que comemoram, lembrem-se que nada impede que isso aconteça com vocês a qualquer momento.   A censura é real.","impede, não é censura, esse criminosos não podem ficar falando merda e ficar impunes. beijo, morra cedo sua anta :)",1,1.0
O tiranete Alexandre de Moraes passou de todos os limites. Ele agora decide sozinho qual informação pode circular no país? Ele decide quem fala e quem cala a boca? Ou os democratas reagem agora a este ato de censura s/ precedentes ou não podem mais falar em liberdade de expressão,#STFVergonhaNacional vocês desonram a democracia no país.,1,0.0
Vivemos em uma ditadura da toga #VozParaBernardoKuster,Bora lá. #VozParaBernardoKuster,1,0.0
Vocês também estão sentindo que o clima aqui no Twitter deu uma melhorada?,"Vou guardar esse twitt, vai ser lindo ver a Manu chorando quando a censura chegar nela.",1,1.0
Vocês também estão sentindo que o clima aqui no Twitter deu uma melhorada?,Comunista sempre fica alegre com censura.,1,1.0
"A esquerda comemorando a CENSURA dos perfis de direita, a mesma que acusou o Presidente de ditador. Para eles é Grande dia hoje, mas amanhã não sera e vou adorar ve-los chorar, assim como o MBL chorou.","Conter mentiras não é censura, é justiça.  Xola menus",1,1.0
"O Twitter suspendeu contas  de Allan dos Santos, Bernardo Küster, Roberto Jefferson, Sara Winter  e até do Luciano Hang. Ao todo foram 16 perfis.  Ouço gemido e ranger de dentes e gritos de ""é ditadura do STF!""...  É música para meus ouvidos    Chola mais, gado!",Apesar da dor pela pandemia eu digo: grande dia.,1,0.0
"Graças aos perfis de bolsonaristas desativados no Twitter, “GRANDE DIA” chega aos Trending Topics",GRANDE DIA! O BRASIL CONTRA AS FAKE NEWS DOS MILICIANOS! O PRÓXIMO PASSO É PRENDER ESTES BANDIDOS CANALHAS! #ParabénsSTF #ForaBolsonaroEseuBandodeCriminosos,1,0.0
"Bernardo Kuster . Um Conservador legítimo, culto e leal. O que aconteceu com ele?  Apoia-se suspenso.  YouTube desmonetizado.  Facebook bloqueado.  Shadowban no Insta.  Inquérito ilegal.  Bem-vindo à RDSB - República da Ditadura Socialista Brasileira.","Todo apoio ao Bernardo Kuster! Atenção, galera! Poderia estar acontecendo com qualquer um de nós, mas ele foi escolhido como exemplo pros capa preta assustarem o resto das pessoas que ousarem mostrar a verdade. #VozParaBernardoKuster",1,0.0
Vocês também estão sentindo que o clima aqui no Twitter deu uma melhorada?,Nada mais normal: comunista celebrando a censura.,1,1.0
"Impedir os ativistas de direita de se manifestarem pelas mídias sociais é censura prévia. Uma coisa é investigar e eventualmente punir por aquilo que publicaram; outra, inteiramente diferente, é impedir que falem.","Uma linha tênue do limitar contas diante dos próprios efeitos colaterais dessas contas com a veiculação de informações confusas, fakes e absurdas. Ainda sim, seria uma censura, Pablo?!",1,1.0
Alguns perfis de maior alcance poderia organizar uma saída coletiva do twitter com data e hora. Assim mostrariamos nossa revolta ao q está acontecendo sobre os perfis que foram derrubados pelo STF .   #VozParaBernardoKuster,Teremos que fazer. #STFVergonhaNacional,1,0.0
Roberto Jefferson critica STF e ministros após bloqueio no Twitter,Essa desgoverno é um #GovernoDeFraudes,1,0.0
"Quem tiver alguma forma de contato com o Roberto Jefferson, peça a ele para criar outra conta que, pelo menos eu, terei o maior prazer em divulgá-la ao máximo que puder. NÃO IRÃO NOS CALAR, bando de ditadores comunistas, fascistas, discípulos d Stalin, Lênin, Hítler, Mao Tsé-Tung",#VozParaBernardoKuster Mude sua localização para Estados Unidos.. Vcs verão todos os derrubados.,1,0.0
"O Twitter bloqueou vários perfis bolsonaristas na tarde desta sexta (24), entre eles o do dono da Havan, Luciano Hang, da militante Sara Winter, do blogueiro Allan dos Santos e de Roberto Jefferson, presidente do PTB.","Allan não é blogueiro, é um jornalista, no mais isso é censura pura e explícita",1,0.0
"Mude a localização para acessar meus tweets: 1. Vá em Conta e Privacidade, 2. Clique em Conta, 3. Depois em Dados e Permissões, 4. E mude sua localização para os EUA. Aí você acompanha meus Tweets normalmente. Tente censurar o Tio Sam agora, Cabeça de Ovo! #VozParaBernardoKuster",Estamos juntos barbudo. Agora em Marte posso ver seus posts. #VozParaBernardoKuster,1,0.0
DERRUBARAM A CONTA DO ROBERTO JEFFERSON,"E de mais alguns patriotas que falam a verdade neste País, que denunciam os desmandos desses morcegos #VozParaBernardoKuster",1,0.0
Lamentável esquerda apoiar censura do twiter sobre qualquer tipo de discurso.,"A Esquerda é por natureza censora!  Censura é Esquerda! Esquerda é censura!  A Esquerda vive sob a adoecida lógica de Narciso.  ""NARCISO ACHA FEIO O QUE NÃO É ESPELHO.""  Tudo o que é feio para Narciso precisa ser ELIMINADO.",1,0.0
Liberdade de expressão! #VozParaBernardoKuster,"Estao nos censurando, o q o gov vai fazer? O q os 5 estrelas vão fazer? Vao pedir por favor? Ja teve gente levando choque na praia vao esperar matar o povo tbm na deculpa da pandemia? #VozParaBernardoKuster",1,0.0
Mude a configuração da sua conta p outro País q funcione de fato a Democracia. Os Patriotas Censurados estão ativos lá. #VozParaBernardoKuster,Eu alterei o País e agora posso ver ! #VozParaBernardoKuster,1,0.0
"Pegue o exemplo do Roberto Jefferson: é um cidadão que vem cometendo seguidos crimes contra a honra de diversas pessoas. Deve ser processado e pode ser condenado no penal e no cível, mas não vejo previsão legal que justifique cercear o seu livre direito de expressão.",Como assim - O senador censura sendo contra a censura? É isso que o projeto de vocês irá produzir no país.,1,1.0
"Hoje são   Allan dos Santos Bernardo Kuster Edson Salomão Luciano Hang Roberto Jefferson Otávio Fakhoury Sara Winter   Amanhã pode ser vc.  Vc, conservador. Vc, que apoia Bolsonaro.   E vc tbm, idiota de esquerda que tá comemorando essa censura covarde.  #VozParaBernardoKuster",Difícil #VozParaBernardoKuster,1,0.0
Vocês também estão sentindo que o clima aqui no Twitter deu uma melhorada?,Vamos ver se o clima vai melhorar quando a censura chegar aí.,1,1.0
Derrubaram a conta do Roberto Jefferson ?,"Ditadura do supremo!!Culpa do molusco cachaceiro e condenado, foi falar que temos um supremo acovardado, porém, só com a esquerda, já com a direita, ele está implacável. #STFVergonhaNacional",1,0.0
"Várias contas foram retidas do Twitter sob a justificativa de ""demanda legal"". , ,  e outros, todos defensores do governo e críticos do STF. Do que se trata? Não foram notificados de nada ainda. É o tal inquérito ilegal? Isso é censura!","Resta saber qual será o teor do ""textão"" que os Generais de pantufa farão - se é que farão, pra ""protestarem veementemente"" contra mais um abuso cometido no âmbito do #InqueritoIlegal do #STF que #Censura e persegue quem os critica?  #STFVergonhaNacional #CensuraNao",1,0.0
Vocês também estão sentindo que o clima aqui no Twitter deu uma melhorada?,"Comemora censura sua comunistinha de merda, uma hora a água bate na sua bunda! O Brasil seria muito melhor sem lixos comunistas como vc! #STFVergonhaNacional",1,1.0
O tiranete Alexandre de Moraes passou de todos os limites. Ele agora decide sozinho qual informação pode circular no país? Ele decide quem fala e quem cala a boca? Ou os democratas reagem agora a este ato de censura s/ precedentes ou não podem mais falar em liberdade de expressão,"Esse Alexndre de Moraes, e outros do STF (Sistema de Trambique Federal) Abusam da cara de todos os Brasileiros, ou nação acorda logo, ou quando acordar será tarde. #STFVergonhaNacional",1,0.0
SEXTA-FEIRA DA VERGONHA Alexandre de Moraes manda censurar perfis do jornalista Bernardo Küster (diretor do BSM) e vários outros conservadores. É a mais vasta operação de censura já vista na internet brasileira. #VozParaBernardoKuster,Não a censura e Sim a Liberdade!,1,0.0
Vocês também estão sentindo que o clima aqui no Twitter deu uma melhorada?,E lógico que uma filho de uma puta comunista iria comemorar a censura né...vai lá agora já pode voltar pra colera do PT e do poste do Lula.,1,1.0
Testando. Baseei minha conta nos EUA. Alguém consegue ver ? #VozParaBernardoKuster,Ok! Deu certo! #VozParaBernardoKuster,1,0.0
"Ministro do STF censurando perfis na Internet por ""discurso de ódio""? Não importa quem seja o alvo, somos contra a censura!",", não é Censura. Não é Crime de Opinião. Liberdade de Expressão pressupõe Responsabilidade: ñ significa liberdade geral para destruir reputações, desinformar e ameaçar pessoas. Todos sabemos disso. Ñ há Direito Absoluto no Ordenamento Jurídico Brasileiro. Justiça feita!",1,1.0
"O incompetente Alexandre de Moraes segue a mesma narrativa da imprensa corrupta e não apresenta uma prova sequer contra os apoiadores do Presidente, aliás, o ditador aplica punição sem dizer o possível crime. É um moleque de toga.  #VozParaBernardoKuster",Não vão nos calar. #VozParaBernardoKuster,1,0.0
"A esquerda comemorando a CENSURA dos perfis de direita, a mesma que acusou o Presidente de ditador. Para eles é Grande dia hoje, mas amanhã não sera e vou adorar ve-los chorar, assim como o MBL chorou.","Combater a desinformação e evitar fluxo de Fake News e censura?  Engraçado, tavam pedindo Al-5 até uns dias atrás.",1,1.0
O tiranete Alexandre de Moraes passou de todos os limites. Ele agora decide sozinho qual informação pode circular no país? Ele decide quem fala e quem cala a boca? Ou os democratas reagem agora a este ato de censura s/ precedentes ou não podem mais falar em liberdade de expressão,Dá  uma olhada no vídeo  homofobico  que o Roberto Jefferson fez..se informe...pelo amor Deus  não  passe pano  pra essa falta de respeito.,1,1.0
Liberdade de expressão! #VozParaBernardoKuster,Precisamos nos unir e dizer não a censura!!!! #VozParaBernardoKuster,1,0.0
"""Tá lindo"" ver ESQUERDISTA IMBECIL comemorando a perseguição e a censura.  Isso diz muito sobre essa cambada   #VozParaBernardoKuster",O Lula já disse que se arrepender por não ter criado mecanismos de controle (censura); nenhuma surpresa.,1,0.0
"O que aconteceu com a página do Roberto Jefferson, pessoal??? Será que o STF mandou censurar!?!?",Da Sara winter também... Acho que tem dedo do careca aí...,1,0.0
"Várias contas foram retidas do Twitter sob a justificativa de ""demanda legal"". , ,  e outros, todos defensores do governo e críticos do STF. Do que se trata? Não foram notificados de nada ainda. É o tal inquérito ilegal? Isso é censura!","Quem melou a CPI da Lava-toga pela ""governabilidade"" hoje não pode reclamar de censura.",1,1.0
"Até quando iremos assistir inertes, atitudes arbitrárias querendo calar nossa liberdade de pensamento e expressão?","Essa pergunta faço faz tempo a várias pessoas. Os que podem fazer algo, de fato, se acovardam e só soltam notas de repúdio, como se esses integrantes do escritório do crime se importassem com isso. Eles rasgam leis e nada é feito, o que os incentiva a ir mais longe na censura.",1,0.0
"Quem diria que seria a própria oposição través do STF com o aval de toda a grande mídia brasileira e os pseudo ""movimentos"" sociais que se dizem liberais, que implantariam a DITADURA contra os opositores, aquela que acusavam que o presidente faria se eleito  VAGABUNDOS, DEMAGOGOS","Bolsonaro fica na liderança na corrida presidencial diz pesquisa, e por pura ""coincidência"" derrubar contas que apóiam o PR , em um inquérito fajuto . Não e só uma censura.     E o enforcamento de liberdade para que o ""estado"" volte ao controle total.",1,0.0
#GovernoDeFraudes  Tdos os dias ouço que este governo está avançando...avançando  pra dentro da floresta amazônica...avançando rumo a idade média...avançando com força rumo ao retrocesso científico e tecnológico: o Brasil anda para trás à passos largos.,Avançando nos direitos que havíamos conquistado graças ao PT!!! #GovernoDeFraudes,1,0.0
A lista:  Allan dos Santos Bernardo Küster Edgard Corona Edson Salomão Eduardo Fabris Portella Enzo Momenti Luciano Hang Marcelo Stachin Marcos Bellizia Otavio Fakhoury Paulo Bezerra Rafael Moreno Reynaldo Bianchi Jr Roberto Jefferson Rodrigo Ribeiro Sara Giromini Winston Lima,"Inquérito da Fakenews investiga ataques aos ministros do STF.  Hj,Roberto Jefferson,aliado de  postou:  “Oro todos os dias p/ q Deus QUEBRE as mãos de Barroso,Fachin e Alexandre deMoraes. Deus me permita assistir sua derrota e execração aos olhos do povo brasileiro’",1,0.0
"A mordaça na boca dos conservadores faz parte do inquérito ilegal das supostas Fake News, e foi ordenada pelo togado Alexandre de Moraes. Com essa ação, o Brasil se aproxima da forma de agir do Partido Comunista Chinês.","O impedimento da liberdade de imprensa é marca registrada do comunismo: todos os opositores do sistema precisam ter suas vozes apagadas de qualquer forma. A internet brasileira é o centro da censura, já que a velha mídia já está totalmente tomada pelos amigos do poder.",1,0.0
Vivemos em uma ditadura da toga #VozParaBernardoKuster,"Cuidado, professora, você pode ser a próxima...  #VozParaBernardoKuster",1,0.0
"Allan do Santos, Bernardo Kuster, Roberto Jefferson, Edson Salomão, Sara Winter e outros, todos foram calados hoje no Twitter a pedido da Justiça (STF). Censura meus amigos, censura!","A pedido da Justiça, NÃO! A pedido do Sr Alexandre de Morais, ora um DITADOR da TOGA que resolveu vilipendiar a CRFB e normas legais em geral!  Cadê nosso SENADO Federal para por fim a esses ABUSOS?!",1,0.0
"Contas canceladas: Allan dos Santos, Bernardo Kuster, Edson Salomão, Roberto Jefferson, Luciano Hang, Fakhoury. A caça aos conservadores continua e não temos quem nos defenda. Inquérito inconstitucional, abuso de autoridade, censura prévia, criminalização de opinião. Até onde?",GRANDE DIA! O BRASIL CONTRA AS FAKE NEWS DOS MILICIANOS! O PRÓXIMO PASSO É PRENDER ESTES BANDIDOS CANALHAS! #ParabénsSTF #ForaBolsonaroEseuBandodeCriminososn,1,1.0
Isso  ai se encomoda eles alfinetam!  #GovernoDeFraudes,O PT é o maior Partido Político da América. #GovernoDeFraudes,1,0.0
Sara Winter chama Alexandre de Moraes de “ditador de merda” e o manda “tomar no c*”,"Oba, agora ela e Roberto  Jefferson precisam estar  juntinho né  alexadre- ministro",1,0.0
O tiranete Alexandre de Moraes passou de todos os limites. Ele agora decide sozinho qual informação pode circular no país? Ele decide quem fala e quem cala a boca? Ou os democratas reagem agora a este ato de censura s/ precedentes ou não podem mais falar em liberdade de expressão,Usam as redes sociais para agredirem pessoas e instituições e depois dizem que é censura. Ridículos!,1,1.0
Já cancelou sua assinatura na grande mídia hoje?  Estadão: 0800 014 7720 Folha: 0800 140 090 Globo: 0800 881 8000 Veja: 0800 775 2112  ISTOÉ: 0800 888 2111,Aeeeee....Segui as instruções! Estou te vendo! #VozParaBernardoKuster,1,0.0
"ROBERTO JEFFERSON: ""OS 11 MINISTROS DO STF FORMARAM UMA ORGANIZAÇÃO CRIMINOSA""","Não dá mais!! Os integrantes do #STFVergonhaNacional comenteram muitos crimes contra à CF/88 durante décadas, motivos plausíveis para destituição em massa desta organização criminosa do Poder Judiciário. Não é uma Corte Constitucional, e sim uma organização criminosa sofisticada.",1,0.0
"Impedir os ativistas de direita de se manifestarem pelas mídias sociais é censura prévia. Uma coisa é investigar e eventualmente punir por aquilo que publicaram; outra, inteiramente diferente, é impedir que falem.",Mas se você é punido por reincidência de um crime não é censura prévia,1,1.0
Vocês também estão sentindo que o clima aqui no Twitter deu uma melhorada?,"Comunista adora uma censura neh? Se pudesse botava na gulag tambem? Hipocrita, ridicula derrotada.",1,1.0
Contas suspensas por Alexandre de Moraes  Allan dos Santos Bernardo Küster Edgard Corona Edson Salomão Eduardo Portella Enzo Momenti Luciano Hang Marcelo Stachin Marcos Bellizia Faka Paulo Bezerra Rafael Moreno Reynaldo B. Jr Roberto Jeff. Rodrigo Ribeiro Sara W Winston Lima,"Se o exército tentar ti matar com um tanque de guerra grite: ""vou chamar Alexandre de Morais. Não fica um mô fio. Os generais vão correr dele igual o diabo corre da cruz kkkkk""",1,0.0
"A censura avança e a esquerda que tanto falava sobre isso em tom de hipocrisia, agora comemora. Ainda não entenderam a quantidade de pessoas que acompanham esses perfis, assistem vídeos, lives e etc. Sem apoio da massa perdem as eleições, ficam chorando e não aceitam o resultado.",vocês apoia o ai-5 mas não apoiam a censura?,1,1.0
"Hoje são   Allan dos Santos Bernardo Kuster Edson Salomão Luciano Hang Roberto Jefferson Otávio Fakhoury Sara Winter   Amanhã pode ser vc.  Vc, conservador. Vc, que apoia Bolsonaro.   E vc tbm, idiota de esquerda que tá comemorando essa censura covarde.  #VozParaBernardoKuster","Não sei como a esquerda, que se dizia traumatizada com a censura, passou a apoiar a censura.  #VozParaBernardoKuster",1,0.0
SEXTA-FEIRA DA VERGONHA Alexandre de Moraes manda censurar perfis do jornalista Bernardo Küster (diretor do BSM) e vários outros conservadores. É a mais vasta operação de censura já vista na internet brasileira. #VozParaBernardoKuster,"Sei que isso é chato, mas se todos criarem novas contas o ditador Alexandre de Moraes vai ficar mais bravo.  FICA A DICA !!!  #VozParaBernardoKuster",1,0.0
"#URGENTE: Após pedido de Alexandre de Moraes (STF), o Twitter derrubou a conta de Sara Winter, Roberto Jefferson, Allan dos Santos, Bernardo Küster e Luciano Hang e outros foram vítimas da censura com base no inquérito ilegal das fake news.","achei exagerado, mais esse tal Roberto Jefferson tava enchendo!!!",1,0.0
Vivemos em uma ditadura da toga #VozParaBernardoKuster,"Não há mais corda, estamos indo ruma à forca.  #VozParaBernardoKuster",1,0.0
"Não  vão  nos censura,  não  vão  nos calar #Bolsonaro2022","Pq vcs tão reclamando de censura, agora? Vcs não tavam pedindo AI-5? Então tá aí, é assim que funciona",1,1.0
"Não é uma delícia ver a galera que pedia um AI-5 chorando e gritando CENSURA?   Foi uma decisão judicial, esses imbecís confundem PUNIÇÃO com CENSURA.  A única coisa boa é ver esse “fugitivos da inteligência” chorando nas redes. Criticando a censura e o “livre mercado”",censura na cara dura,1,1.0
"Allan do Santos, Bernardo Kuster, Roberto Jefferson, Edson Salomão, Sara Winter e outros, todos foram calados hoje no Twitter a pedido da Justiça (STF). Censura meus amigos, censura!","Sim, inquérito ilegal, construído por pessoas mentirosas que estão sob investigação!!  O nome disso é CENSURA E FALCATRUA!!",1,0.0
"Para Augusto Aras, a determinação do ministro do STF é ""desproporcional e contrária ao princípio da liberdade de expressão""",Só tem um nome isso. CENSURA,1,0.0
SEXTA-FEIRA DA VERGONHA Alexandre de Moraes manda censurar perfis do jornalista Bernardo Küster (diretor do BSM) e vários outros conservadores. É a mais vasta operação de censura já vista na internet brasileira. #VozParaBernardoKuster,"#VozParaBernardoKuster   O crime é FALAR, OPINAR, PENSAR, SE POSICIONAR.  hoje são os que apóiam o Presidente. Amanhã, será vcs.",1,0.0
"As contas censuradas hoje contam com mais leitores do que os grandes jornais e veículos da velha imprensa.  Ou seja, a decisão de bloquear essas contas equivale ao fechamento de jornais e televisões, goste você ou não das opiniões emitidas por tais perfis.  Censura abjeta!",Onde andam os Deputados dos Partidos de Esquerda que defendem  a liberdade de opiniões? Calados? Mudos? Censura nunca mais? Imprensa livre e liberdade de expressão? Onde estão? Onde?,1,0.0
"Várias contas foram retidas do Twitter sob a justificativa de ""demanda legal"". , ,  e outros, todos defensores do governo e críticos do STF. Do que se trata? Não foram notificados de nada ainda. É o tal inquérito ilegal? Isso é censura!",Sara winter tbm rodou,1,0.0
"Quem melou a CPI da Lava-toga pela ""governabilidade"" hoje não pode reclamar de censura.  Simples assim.","Que lixo de comentário Nando,apoia-se até á censura para se sair na frente.",1,1.0
"URGENTE:  e  CENSURADAS ILEGALMENTE pelo STF em parceria com mídias vermelhas! Não aceitaremos! Eles não foram notificados, muito menos tem acesso a qualquer justificativa do Twitter e do Facebook! #VozParaBernardoKuster #VozParaBobJeff",Bora #STFVergonhaNacional,1,0.0
"Se Bob Jeff vulgo Roberto Jefferson fizer outra conta, quem ai vai atrás???",Iremos todos atrás do bode Jeferson...hahaha.... #Bolsonaro2022    #STFVergonhaNacional,1,0.0
"Colega, peçam ajuda pro Bolsonaro.  Justificaram ele entregando tudo pro centrão pra ter ""governabilidade"", foram contra a Lava Toga com essa mesma justificativa.  Agora reclamam de censura? Pede ajuda pra ele agora porra.","Estamos falando de direitos fundamentais, não importa se é de esquerda ou de direita, o debate é necessário! Não podemos apoiar o autoritarismo e a #censura. Continuo lamentando ver o declínio, se não a extinção da nossa democracia. #STFVergonhaNacional",1,1.0
Perfis que foram retidos pelo Ministro Alexandre de Moraes:   Allan dos Santos Bernardo Kuster Edson Salomão Luciano Hang Roberto Jefferson Otávio Fakhoury Sara Winter #VozParaBernardoKuster   Liberdade de expressão SIM!,"Meus Deus, que pecado, não pode mais propagar fake news no twitter. Grande dia",1,1.0
Aras está contra o bloqueio de contas no Twitter!,"Daqui a pouco o Mendonça solta uma nota de repúdio,  #VozParaBernardoKuster",1,0.0
"Por ordem de Alexandre de Moraes, Twitter cancela contas de Bernardo Pires Küster, diretor do BSM, e outros expoentes do conservadorismo brasileiro","Professor, para ver as contas que foram retidas pelo STF basta ir em 'configurações e privacidades' do twitter, depois em 'dados e permissões' depois mude o 'país'. Vamos derrotar a censura! Sabe qndo iremos parar??? NUNCAAA",1,0.0
Vivemos em uma ditadura da toga #VozParaBernardoKuster,Espalhar fakenews e discursos de ódio não tem nada a ver com liberdade de expressão.  Combater fakenews e discursos de ódio não tem nada a ver com censura..,1,1.0
", não é Censura. Não é Crime de Opinião. Liberdade de Expressão pressupõe Responsabilidade: ñ significa liberdade geral para destruir reputações, desinformar e ameaçar pessoas. Todos sabemos disso. Ñ há Direito Absoluto no Ordenamento Jurídico Brasileiro. Justiça feita!","é censura sim... a lei já prevê os crimes contra a honra, direito de resposta, responsabilidade civil, mas censura nunca.. a liberdade é inegociável.",1,1.0
Vivemos em uma ditadura da toga #VozParaBernardoKuster,Bora levantar #VozParaBernardoKuster,1,0.0
O ápice da geração Paulo Freire.... comemorar censura. Deu muito certo esse projeto de criar exércitos de idiotas úteis.,Idiotas INÚTEIS é gente que pede ditadura militar e a volta do AI-5 e depois vem choramingar contra uma suposta censura. Tomem vergonha na cara e sejam coerentes. Liberdade de expressãooexiste. E sabe o que mais existe? Ser responsabilizado por seus crimes.,1,1.0
Corda pra se enforcar! #STFVergonhaNacional  #BolsonaroOrgulhoDoBrasil  URGENTE: ALEXANDRE DE MORAES DETERMINA SUSPENSÃO DE CONTAS NO TWITTER DE APOIADORES DE BOLSONARO,"...E a Democracia aos poucos vai se tornando refém de um Poder que existe para, em tese, salvaguardar a Constituição, cujo colegiado se perpetua na função sem ter recebido um voto sequer daquele de onde o poder Constitucional originalmente emana: O POVO!...",2,0.0
"Mude a localização para acessar meus tweets: 1. Vá em Conta e Privacidade, 2. Clique em Conta, 3. Depois em Dados e Permissões, 4. E mude sua localização para os EUA. Aí você acompanha meus Tweets normalmente. Tente censurar o Tio Sam agora, Cabeça de Ovo! #VozParaBernardoKuster","#VozParaBernardoKuster #STFVergonhaNacional  Mude sua localização para Estados Unidos, terra tio San cabeça de ovo não manda.",2,0.0
"#URGENTE: Após pedido de Alexandre de Moraes (STF), o Twitter derrubou a conta de Sara Winter, Roberto Jefferson, Allan dos Santos, Bernardo Küster e Luciano Hang e outros foram vítimas da censura com base no inquérito ilegal das fake news.","Até quando iremos assistir inertes, atitudes arbitrárias querendo calar nossa liberdade de pensamento e expressão?",2,0.0
Já cancelou sua assinatura na grande mídia hoje?  Estadão: 0800 014 7720 Folha: 0800 140 090 Globo: 0800 881 8000 Veja: 0800 775 2112  ISTOÉ: 0800 888 2111,"Daqui do EUA, eu sigo o Bernardo! #VozParaBernardoKuster",2,0.0
"Podem ter certeza, se fosse a conta do Nando Moura, FMB, Andreazza, Vera Magalhães, seja por qual motivo fosse, que tivesse sido bloqueada nas redes sociais pelo STF, o gado estaria comemorando.","Mas não tenha NENHUMA DÚVIDA disso. Seria um grande dia  pra eles.   Eu acho muito perigoso tudo o que está acontecendo, e espero q exista algum embasamento realmente sério que justifique essa queda de perfis. Pq até agora é só fumaça.",2,0.0
"Twitter derruba contas bolsonarista  Roberto Jefferson, presidente do PTB   Luciano Hang, empresário  Edgard Corona, empresário  Otávio Fakhoury, empresário  Bernardo Küster  Allan dos Santos, blogueiro  Winston Rodrigues Lima  Reynaldo Bianchi  Sara Giromini Enzo Leonardo",A nata do bolsonarismo,2,0.0
"Em nota à imprensa após suspensão de perfis pró-Bolsonaro, o Twitter disse que ""agiu estritamente em cumprimento a uma ordem legal proveniente de inquérito do Supremo Tribunal Federal (STF)"".","""Ordem legal"" baseada em lei nenhuma e com um inquérito que todos desconhecem o conteúdo. Se a oposição soubesse que seria tão fácil CENSURA, acho que nem teriam se dado ao trabalho de articular pra tentar emplacar essa PL 2630/2020.",2,0.0
"Alexandre determina e Twitter bloqueia perfis do presidente do PTB, Roberto Jefferson, dos empresários Luciano Hang, Edgard Corona, Otávio Fakhoury, Bernardo Küster, além do jornalista Allan dos Santos e do assessor do deputado estadual de São Paulo Edson Salomão.",Eu não consigo ler isso sem passar raiva desse fdp!!! É isso mesmo que ele é: um FDP!!! Da pior espécie!!!,2,0.0
"Alexandre determina e Twitter bloqueia perfis do presidente do PTB, Roberto Jefferson, dos empresários Luciano Hang, Edgard Corona, Otávio Fakhoury, Bernardo Küster, além do jornalista Allan dos Santos e do assessor do deputado estadual de São Paulo Edson Salomão.","Generais, sejam patriotas fechem logo esse stf e renovem essa instituição. O congresso Nacional também tem que ser fechado.  Não aguento mais tanta canalhice.",2,0.0
SEXTA FEIRA É DIA DA GRANDE FINAL DO SUB 18. SEXTA FEIRA TAMBÉM É  DIA DA NOSSA TORCIDA DA UM SHOW NAS ARQUIBANCADAS !   #AVANTEPÇA  #TJP #MENINOSDAPRAÇA,vamos ser campeão,2,0.0
"Alexandre determina e Twitter bloqueia perfis do presidente do PTB, Roberto Jefferson, dos empresários Luciano Hang, Edgard Corona, Otávio Fakhoury, Bernardo Küster, além do jornalista Allan dos Santos e do assessor do deputado estadual de São Paulo Edson Salomão.",Sinal que realmente eles incomodam o sistema.,2,0.0
"Em sua decisão, Moraes disse que o bloqueio foi ""necessário para a interrupção dos discursos com conteúdo de ódio, subversão da ordem e incentivo à quebra da normalidade institucional e democrática”","Um GRANDE VIVA A CENSURA, parabéns  Parabéns omissos   nada contra 'cer' contra a ditadura.....",2,0.0
A gente não pode achar isso normal. Hoje é o Bernardo. Amanhã será você. #VozParaBernardoKuster,"A censura ao Bernardo Küster é abjeta e inaceitável. Quando os tribunais começam a violar os direitos individuais mais básicos, é hora de a sociedade se unir e reagir. Os tiranos jamais podem se sentir confortáveis. #VozParaBernardoKuster",2,0.0
SEXTA-FEIRA DA VERGONHA Alexandre de Moraes manda censurar perfis do jornalista Bernardo Küster (diretor do BSM) e vários outros conservadores. É a mais vasta operação de censura já vista na internet brasileira. #VozParaBernardoKuster,Apoiadores de  caçados com animais e calados na rede. Alexandre precisa cair.,2,0.0
"Em sua decisão, Moraes disse que o bloqueio foi ""necessário para a interrupção dos discursos com conteúdo de ódio, subversão da ordem e incentivo à quebra da normalidade institucional e democrática”",Censura agora é “normalidade institucional e democrática”?,2,0.0
Surfando nas lágrimas dos isentoes esquerdistas e youtubers blogueiros. Grande dia!,"Mas qual o motivo? Serio? Eu queria mt que alguém me explicasse, argumentasse, sem treta, sem agressão. Me esclarecesse o que o atual governo esta fazendo p merecer um segundo mandato. Mas, eu quero argumentos com dados, fundamentos, numeros e principalmente, VERDADE. Alguem?",2,0.0
Chamem o Gen. Cloroquina...ou o Gen.Ocidio,Dia segue sendo grande  ...,2,0.0
"É hora de falar sério.  Hoje é um dia de vitória. Diversos perfis do Twitter de agentes de fake-news, ódio e destruição de reputações foram desligados, a pedido do STF.  A decisão pode ser temporária ou permanente. Nessa thread, quero mostrar pq deve ser PERMANENTE.  Segue o fio.","Ah velho não dá não dá não dá Tu pode n concordar com os caras, eu tbm discordo diametralmente de grande parte doq eles falam, mas defender a censura é uma atitude mt hipócrita de quem diz defender a Democracia. Se tu apoia essa decisão, tu é tão ruim quanto os caras q tu condena",2,1.0
"Em sua decisão, Moraes disse que o bloqueio foi ""necessário para a interrupção dos discursos com conteúdo de ódio, subversão da ordem e incentivo à quebra da normalidade institucional e democrática”",Kkkkkkkkkk e segue censura,2,0.0
"O #GovernoDeFraudes tenta se apropriar da aprovação do Fundeb, que ele fez tudo para atrapalhar, assim como fez com os R$ 600 do auxílio emergencial. Tanto nas redes quanto no governo,  só mentira e fakenews e populismo barato. O Brasil é muito, muito maior e melhor do que isso!",Sempre tentando crescer com o legado do PT #GovernoDeFraudes,2,0.0
"É verdade que o Twitter derrubou várias contas de direita, entre elas: Roberto Jefferson, Allan dos Santos, Bernardo Kuster, Sara Winter... ?","Não derrubou, bloqueou o acesso como residente no Brasil. Se vc alterar em configurações a sua residência volta a receber. A censura é no Brasil.",2,0.0
"Gabriela me ensinou que a gente deve ficar atento às decisões que interferem diretamente em certos direitos, pois abrem precedentes.","A mesma varela que tá comemorando as contas que caíram hoje, reclamarão de censura amanhã.  Só dizendo...",2,0.0
"Twitter fazendo a limpa em contas de conservadores: Bernardo Küster, Allan dos Santos, Enzuh, Sara Winter tiveram suas contas ""retidas"" por determinação judicial (o que pode ter a ver com o inquérito das fake news do STF).  CENSURA!",Temos que ir em massa para outro aplicativo,2,0.0
"Hoje, 24/07, Fakhoury e demais investigados pelo inquérito das “fake news” foram surpreendidos com a suspensão de suas contas em redes sociais. Já existe um Habeas Corpus contra o ato praticado pelo Ministro Alexandre de Moraes sob a relatoria do Ministro Edson Fachin ...",Manifestação do meu advogado Dr João Manssur sobre o grave ato antidemocrático de censura aplicado a mim.,2,0.0
STF CENSURA personalidades conservadoras,"Não interessa se vc não gosta, se você ta brigado, se tá de mal. Nada disso importa. Quem é a favor da LIBERDADE tem que repudiar e ser contra TOTALMENTE a censura que a justiça brasileira está impondo ao Allan, Bernardo e Sara. TODO meu apoio para eles.",2,0.0
"Bernardo Kuster . Um Conservador legítimo, culto e leal. O que aconteceu com ele?  Apoia-se suspenso.  YouTube desmonetizado.  Facebook bloqueado.  Shadowban no Insta.  Inquérito ilegal.  Bem-vindo à RDSB - República da Ditadura Socialista Brasileira.",Abaixo da ditadura!  #VozParaBernardoKuster,2,0.0
"Roberto Jefferson, Hang, Winter e outros bolsonaristas perdem suas contas no Twitter",Tudo por culpa desse filho do diabo CRIAS de demônios ESQUERDOPATAS.,2,0.0
O tiranete Alexandre de Moraes passou de todos os limites. Ele agora decide sozinho qual informação pode circular no país? Ele decide quem fala e quem cala a boca? Ou os democratas reagem agora a este ato de censura s/ precedentes ou não podem mais falar em liberdade de expressão,Mais uma vergonha para o currículo do . Vergonhoso  #STFVergonhaNacional,2,0.0
"Tenho lido muitos artigos dizendo que o PT acabou. Gente que não gosta do PT querendo dar ""bons conselhos"". A gente tá mais vivo do que nunca. E sabemos que 90% das críticas são pelas coisas boas que fizemos, e não pelas ruins.",Verdade Presidente Lula  . O PT tá tão acabado q até a Globo tá querendo um  só p ela. Agora a gente tem 2 petês   Todo o mundo ama o Partido dos Trabalhadores  GRANDE DIA,2,0.0
"Mude a localização para acessar meus tweets: 1. Vá em Conta e Privacidade, 2. Clique em Conta, 3. Depois em Dados e Permissões, 4. E mude sua localização para os EUA. Aí você acompanha meus Tweets normalmente. Tente censurar o Tio Sam agora, Cabeça de Ovo! #VozParaBernardoKuster","Deu certo, é só fazer e voltar a ter acesso as contas bloqueadas",2,0.0
#URGENTE - Contas bolsonaristas no Twitter são retiradas do ar após decisão de Moraes  #G1,"Contas bolsonaristas foram retiradas do ar após decisão de Moraes: Os perfis apagados são do presidente do PTB, Roberto Jefferson, dos empresários Luciano Hang, Edgard Corona, Otávio Fakhoury, Bernardo Küster, além de Allan dos Santos e do assessor do dep est de SP Edson Salomão",2,0.0
#URGENTE - Contas bolsonaristas no Twitter são retiradas do ar após decisão de Moraes  #G1,"se você comemora essa notícia aqui você apoia censura SIM  nem um pouco diferente dos ""fascistas"" que tanto critica",2,0.0
Carla Zambelli diz que direita se tornou alvo da Justiça: A quem vamos recorrer?,"Ela é louca, ou dissimulada mesmo! Grande dia!",2,0.0
Liberdade de expressão! #VozParaBernardoKuster,Censura não! #VozParaBernardoKuster,2,0.0
"Várias contas foram retidas do Twitter sob a justificativa de ""demanda legal"". , ,  e outros, todos defensores do governo e críticos do STF. Do que se trata? Não foram notificados de nada ainda. É o tal inquérito ilegal? Isso é censura!",Alguma dúvida?,2,0.0
"É inadmissível que enquanto perfis por aí desejam a morte da autoridade maior do nosso país, outros perfis como o do  sejam impedidos de exercer seu direito à liberdade de expressão. Bernardo, estamos com vc!  #VozParaBernardoKuster",Os Deuses de Toga são uma vergonha #VozParaBernardoKuster,2,0.0
O ápice da geração Paulo Freire.... comemorar censura. Deu muito certo esse projeto de criar exércitos de idiotas úteis.,Pra essa cambada que veio aqui nesse post (e já bloqueei todos) 1 cartaz de a i 5 em manifestações é o pensamento de todos. Como eu disse... não é a toa que são idiotas úteis...,2,0.0
"Segui a dica do . Todos estão vendo meu tweet? Se sim, comenta aí.  Obg Bernardo ;)","Sim, estamos vendo ... o ditador não vencerá   #STFVergonhaNacional",2,0.0
Os censurados pelo Twitter hoje:  Roberto Jeffesson Allan dos Santos Bernardo Kuster Edson Salomão Rodrigo Ribeiro Sara Giromini Edgard Corona Luciano Hang Otavio Fakhoury Marcelo Stachin Reynaldo Bianchi Júnior,É inacreditável!!! #CensuraJamais,2,0.0
"As contas censuradas hoje contam com mais leitores do que os grandes jornais e veículos da velha imprensa.  Ou seja, a decisão de bloquear essas contas equivale ao fechamento de jornais e televisões, goste você ou não das opiniões emitidas por tais perfis.  Censura abjeta!",É por isso que a imprensa corrupta apoia o inquérito ilegal do Alexandre de Moraes. Resolveram a aproveitar a oportunidade para se livrar do concorrente mais capacitado e mais influente.,2,0.0
"Allan dos Santos, Terça Livre, Bernardo Küster, Sara Winter, Roberto Jefferson dentre outros apoiadores do Presidente Bolsonaro tiveram suas contas nas redes sociais retidas pela justiça, a mando de Alexandre de Moraes.",Absurdo completo! Vamos todos para o Parler!,2,0.0
A gente não pode achar isso normal. Hoje é o Bernardo. Amanhã será você. #VozParaBernardoKuster,"Não é porque é só porque é alguém que admiro, mas é pela clara censura que vem sendo imposta pelo judiciário brasileiro. #VozParaBernardoKuster",2,0.0
É permitido pastor mentir? A minha Bíblia contém os Dez mandamentos e a sua? #GovernoDeFraudes,"Na Bíblia de minha mãe diz que ""o Diabo é o pai da mentira"" #GovernoDeFraudes",2,0.0
"Hoje são   Allan dos Santos Bernardo Kuster Edson Salomão Luciano Hang Roberto Jefferson Otávio Fakhoury Sara Winter   Amanhã pode ser vc.  Vc, conservador. Vc, que apoia Bolsonaro.   E vc tbm, idiota de esquerda que tá comemorando essa censura covarde.  #VozParaBernardoKuster","se fode aí, seu puto",2,1.0
Twitter suspende perfis pró-Bolsonaro por determinação de Alexandre de Moraes,Censura em pleno 2020!,2,0.0
Contas suspensas por Alexandre de Moraes  Allan dos Santos Bernardo Küster Edgard Corona Edson Salomão Eduardo Portella Enzo Momenti Luciano Hang Marcelo Stachin Marcos Bellizia Faka Paulo Bezerra Rafael Moreno Reynaldo B. Jr Roberto Jeff. Rodrigo Ribeiro Sara W Winston Lima,Conseguiram implatarem a DITADURA,2,0.0
Vamos lá. Alguém pode fazer alguma coisa contra esse ato de Censura?,Alguém ? Quem vai parar esse judiciário ditador ?            #FreedomOfSpeech,2,0.0
Vocês também estão sentindo que o clima aqui no Twitter deu uma melhorada?,Imaginem essa mulher como Presidente da república. Agora vejam a diretriz de liberdade de expressão. Comemore o livramento. #VozParaBernardoKuster,2,1.0
"Por ordem de Alexandre de Moraes, Twitter cancela contas de Bernardo Pires Küster, diretor do BSM, e outros expoentes do conservadorismo brasileiro",Censura Não!,2,0.0
O presidente e seus queridos generais farão algo para proteger a liberdade e os direitos civis diariamente pisoteados pelos imperadores  da toga? O futuro do Brasil depende da resposta a essa pergunta.,"Presidente, o povo não aguenta mais. Agora é censura? Até o de o judiciário vai vilipendiar nossos direitos? Isso está virando Venezuela!!!",2,0.0
"Grande dia   As contas dos pilantras dos passapanistas e de corruptos caindo.  BOB Jefferson- corrupto VEIO DA HAVAN BERNADO RABICÓ GENGIVÃO SARAH  ""guerrilheira""   E pelo jeito vai ter mais.  Tem q cair a do ""MENTOR"" dos pilantras a do ""VEIO DA VIRGÍNIA""","Os defensores da dEmOCrAcIa amam uma censura, quem diria",2,1.0
Sobre as contas derrubadas!  Isso me parece perseguição. #Vergonha,"Um absurdo o que estão fazendo com os conservadores.  Censura, prisão domiciliar, ditadura da toga.....   #STFVergonhaNacional",2,0.0
"Mude a localização para acessar meus tweets: 1. Vá em Conta e Privacidade, 2. Clique em Conta, 3. Depois em Dados e Permissões, 4. E mude sua localização para os EUA. Aí você acompanha meus Tweets normalmente. Tente censurar o Tio Sam agora, Cabeça de Ovo! #VozParaBernardoKuster","Opa, já fiz!!!!!!!!!!!!!!",2,0.0
Contas suspensas por Alexandre de Moraes  Allan dos Santos Bernardo Küster Edgard Corona Edson Salomão Eduardo Portella Enzo Momenti Luciano Hang Marcelo Stachin Marcos Bellizia Faka Paulo Bezerra Rafael Moreno Reynaldo B. Jr Roberto Jeff. Rodrigo Ribeiro Sara W Winston Lima,"Pois é. Estão incomodando muito, não é mesmo, Sr. AINDA Ministro do  ? #DitaduraNuncaMais #DitaduraDoSTF #STFVergonhaNacional #STFcensurador #ImpeachmentAlexandreDeMoraes   #EuApoioOsConservadores #ComunismoNao",2,0.0
"Twitter suspendeu contas de Sara Winter, Luciano Hang e outros bolsonaristas após receber 'ultimato' do STF (via )",Lixo varrido!,2,0.0
Bastou sair a pesquisa de que Bolsonaro ganha em todos os cenários para calarem os mais destacados conservadores:  Allan dos Santos Bernardo Kuster Edson Salomão Luciano Hang Roberto Jefferson Otávio Fakhoury Sara Winter   #VozParaBernardoKuster,Será que tem correlação?,2,0.0
"Por ordem do STF, o Twitter bloqueou as contas de bolsonaristas suspeitos de  fake news. Entre eles, Allan dos Santos, Bernardo Küster,  Roberto Jefferson, Sara Giromino e Luciano Hang.  Grande dia!",Isso aconteceu:,2,0.0
O tiranete Alexandre de Moraes passou de todos os limites. Ele agora decide sozinho qual informação pode circular no país? Ele decide quem fala e quem cala a boca? Ou os democratas reagem agora a este ato de censura s/ precedentes ou não podem mais falar em liberdade de expressão,Agora é #LiberdadeDeExpressãoOuNada  #FredomOfSpeech começou hoje no Brasil.,2,0.0
"O Twitter suspendeu 16 contas de bolsonaristas. Entre elas, as de Roberto Jefferson, dos blogueiros Allan dos Santos, Bernardo Küster e Sara Winter, dos empresários Luciano Hang, Edgard Corona e Otávio Fakhoury.","Que notícia!  Mensaleiro armamentista, bilionário sonegador de impostos, terra planista, fanático religioso hofóbico, ativista neonazi, negacionistas da COVID, todos bloqueados do Twitter.",2,0.0
"Várias contas foram retidas do Twitter sob a justificativa de ""demanda legal"". , ,  e outros, todos defensores do governo e críticos do STF. Do que se trata? Não foram notificados de nada ainda. É o tal inquérito ilegal? Isso é censura!",Quem vigia o Vigia?????,2,0.0
Para tornar sem efeito a decisão do Cabeça de Ovo de CENSURAR o jornalista Allan dos Santos e tantos outros faça o seguinte   #FreedomOfSpeech,Interessante  Vou lá tentar!,2,0.0
"Beleza salvará o mundo - parte 1  A professora  convidou ,   e eu para uma conversa sobre cultura, arte, literatura, conservadorismo e a vida cristã no mundo moderno.  Ouça mais um episódio do Estante BSM.","O dia está tenso e intenso, mas esse podcast trata justamente da tensão entre política diária e cultura permanente.  Ficou tão bom (e tão grande) que tivemos de dividir em duas partes.",2,0.0
Vivemos em uma ditadura da toga #VozParaBernardoKuster,vei mas não é bolsominion q VIVE pedindo um ai-5  pimenta no cu dos outros eh refresco,2,1.0
"Uma escalada autoritária está em andamento no País diante do silêncio e da omissão do Chefe de Estado, que tem entre suas obrigações constitucionais fazer a defesa da democracia e da liberdade.",#STFVergonhaNacional  não vai nos calar!,2,0.0
"Twitter bloqueia contas atendendo decisão de 26 de maio  do ministro  de Moraes, no inquérito das Fake News: ""O Twitter agiu estritamente em cumprimento a uma ordem legal proveniente de inquérito do Supremo Tribunal Federal (STF)""",Boa tarde pra você que não teve a conta no tuinto cancelada e nem teve seu CPF exposto pelo Supremo. Grande dia,2,0.0
Facebook e Twitter bloqueiam contas de investigados no inquérito das Fake News.,"Mas, gente... Censura que chama, né?!",2,0.0
SEXTA-FEIRA DA VERGONHA Alexandre de Moraes manda censurar perfis do jornalista Bernardo Küster (diretor do BSM) e vários outros conservadores. É a mais vasta operação de censura já vista na internet brasileira. #VozParaBernardoKuster,Voz para YOUTUBERS de direta! #VozParaBernardoKuster,2,0.0
"Impedir os ativistas de direita de se manifestarem pelas mídias sociais é censura prévia. Uma coisa é investigar e eventualmente punir por aquilo que publicaram; outra, inteiramente diferente, é impedir que falem.","Exato! O bloqueio de contas é necessário para ""interrupção de discursos com conteúdo de ódio, subversão da ordem e incentivo à quebra de normalidade institucional e democrática"", segundo consta em tweet do . Um tanto controverso.",2,0.0
"CENSURA! Ditadura da toga avança sobre a liberdade de expressão. Você só fala se o STF deixar. Vai vendo onde vai dar essa conversa fiada de ""fake news"".  Allan dos Santos, Bernardo Kuster, E. Salomão, L. Hang, Fakhoury, Jefferson, Sara Winter e outros, todos censurados pelo STF.",#Bolsonaro2022 acorda,2,0.0
"RESULTADO DA MINHA DENÚNCIA AO MP CONTRA BRUNO COVAS - ARQUIVADA!  Não sou ingênuo, o sistema tá podre. Boa parte tá instrumentalizado. E é por isso que só uma atuação profunda e revolucionária desde dentro pra mudar o quadro. Protocolo 233408760 portal SP156 #NaoFiqueSoNoPapo",GRANDE DIA  #CiroComGugaNoblat  Censura   #RelacionamentoAberto  #VozParaBernardoKuster  Capitu  Alexandre de Moraes  Neymar  leila  Cinema  #Bolsonaro2022  Ronaldinho,2,0.0
Testando. Baseei minha conta nos EUA. Alguém consegue ver ? #VozParaBernardoKuster,Quem ainda não mudou consegue ver o tuite?,2,0.0
O tiranete Alexandre de Moraes passou de todos os limites. Ele agora decide sozinho qual informação pode circular no país? Ele decide quem fala e quem cala a boca? Ou os democratas reagem agora a este ato de censura s/ precedentes ou não podem mais falar em liberdade de expressão,O povo precisa reagir!,2,0.0
é pedir muito um presidente que não fique correndo atrás de emas com uma caixa de cloroquina na mão?,"Nesse caso é, o genocida faz isso como manobra diversionista. #GovernoDeFraudes",2,0.0
"O Twitter bloqueou vários perfis bolsonaristas na tarde desta sexta (24), entre eles o do dono da Havan, Luciano Hang, da militante Sara Winter, do blogueiro Allan dos Santos e de Roberto Jefferson, presidente do PTB.",Twitter COMUNISTA!!! Não se pode mais produzir umas noticiazinhas falsas?! Cadê o direito de expressão!?!?!  E o PT passou 13 anos no poder! E o Lula foi preso.,2,0.0
"Hoje são   Allan dos Santos Bernardo Kuster Edson Salomão Luciano Hang Roberto Jefferson Otávio Fakhoury Sara Winter   Amanhã pode ser vc.  Vc, conservador. Vc, que apoia Bolsonaro.   E vc tbm, idiota de esquerda que tá comemorando essa censura covarde.  #VozParaBernardoKuster",#VozParaBernardoKuster  O Brasil está vivendo uma censura do s.t.f,2,0.0
"URGENTE: Após pedido de Alexandre de Moraes (STF), o Twitter derrubou a conta de , , ,   e outros, que foram vítimas da censura com base no inquérito ilegal das fake news. #Bolsonaro2022","fake news é crime, logo isso não é censura, next",2,1.0
"Aí está o objetivo do projeto das Fake News, que ainda nem é lei. Mas o ministro se adiantou e cometeu uma violência contra a liberdade de expressão. Quem se julgar ofendido tem à mão o Código Penal. Mas hoje o ministro se transforma no próprio CP.","Os Senadores que votaram a favor do PL2630, tem ""sangue nas mãos"". Hoje um político foi censurado nas redes sociais, por um Ministro do STF. Hoje foi Roberto Jefferson, amanhã pode ser qualquer Senador. O  iniciou a Ditadura da Toga.",2,0.0
O tiranete Alexandre de Moraes passou de todos os limites. Ele agora decide sozinho qual informação pode circular no país? Ele decide quem fala e quem cala a boca? Ou os democratas reagem agora a este ato de censura s/ precedentes ou não podem mais falar em liberdade de expressão,"ISSO NÃO É JUSTIÇA - MORREREI DIZENDO Acabaram os limites!  VERGONHA, falta-lhe VERGONHA Alexandre de Moraes. VERGONHA - FALTA DE VERGONHA NA CARA - FALTA DE VERGONHA NA CARA! Onde isso vai parar?",2,0.0
"URGENTE: ALEXANDRE “PCC” DE MORAES DETERMINA SUSPENSÃO DE CONTAS NO TWITTER DE APOIADORES DO PRESIDENTE BOLSONARO!! ROBERTO JEFFERSON,SARA WINTER,BERNARDO KUSTER,LUCIANO DA HAVAN E ALLAN DOS SANTOS ENTRE OUTRAS!! NÃO VÃO NOS CALAR!! #STFVergonhaNacional",Direita? Roberto Jefferson? O do MENSALÃO agora um defensor de carteirinha?  Sei Não... Essa DIREITA conservadora patriota e CRISTÃ esta estranha.,2,1.0
SEXTA-FEIRA DA VERGONHA Alexandre de Moraes manda censurar perfis do jornalista Bernardo Küster (diretor do BSM) e vários outros conservadores. É a mais vasta operação de censura já vista na internet brasileira. #VozParaBernardoKuster,Até Quando????,2,0.0
"Todo dia, ao acordar, Alexandre de Moraes pensa: o que posso fazer para ser mais odiado e enojado pela população?  Cada dia se supera mais! Tornou-se o Joãozinho dono da bola da liberdade de expressão do Brasil!",No Stf eles se alternam nos ataques #STFVergonhaNacional,2,0.0
"Contas canceladas: Allan dos Santos, Bernardo Kuster, Edson Salomão, Roberto Jefferson, Luciano Hang, Fakhoury. A caça aos conservadores continua e não temos quem nos defenda. Inquérito inconstitucional, abuso de autoridade, censura prévia, criminalização de opinião. Até onde?",Hoje somos nós. Mas amanhã pode ser você....,2,0.0
O tiranete Alexandre de Moraes passou de todos os limites. Ele agora decide sozinho qual informação pode circular no país? Ele decide quem fala e quem cala a boca? Ou os democratas reagem agora a este ato de censura s/ precedentes ou não podem mais falar em liberdade de expressão,"absurdo, absurdo vivemos numa ditadura. Não existe lei, não somos mais cidadãos baseados nessas ""LEIS"". Cadê nossos direitos?",2,0.0
SEXTA-FEIRA DA VERGONHA Alexandre de Moraes manda censurar perfis do jornalista Bernardo Küster (diretor do BSM) e vários outros conservadores. É a mais vasta operação de censura já vista na internet brasileira. #VozParaBernardoKuster,#VozParaBernardoKuster vergonha da Suprema Corte brasileira,2,0.0
"A censura avança e a esquerda que tanto falava sobre isso em tom de hipocrisia, agora comemora. Ainda não entenderam a quantidade de pessoas que acompanham esses perfis, assistem vídeos, lives e etc. Sem apoio da massa perdem as eleições, ficam chorando e não aceitam o resultado.","A esquerda tá gostando, né  ? Só aviso que não nos  calarão  !!! #LiberdadeOuNada !!!",2,0.0
"Alexandre determina e Twitter bloqueia perfis do presidente do PTB, Roberto Jefferson, dos empresários Luciano Hang, Edgard Corona, Otávio Fakhoury, Bernardo Küster, além do jornalista Allan dos Santos e do assessor do deputado estadual de São Paulo Edson Salomão.",O Brasil não pode aceitar essa censura do  supremo insano.,2,0.0
O tiranete Alexandre de Moraes passou de todos os limites. Ele agora decide sozinho qual informação pode circular no país? Ele decide quem fala e quem cala a boca? Ou os democratas reagem agora a este ato de censura s/ precedentes ou não podem mais falar em liberdade de expressão,"é o  quem está indignado, o povo também está",2,0.0
"Que porra é essa  e ,não existe lei de censura aprovada no país e vocês começam a censurar na cara dura !? Que porra é essa,       ? Será que estou morando na Venezuela , Coreia do Norte ? Será?",#PL2630Nao  The world will remember..tradução :  O MUNDO IRÁ SE LEMBRAR ...                #bolsonarotemrazao,2,0.0
Dia triste para os “radicais de centro”...,A gente já vem avisando faz tempo: #Bolsonaro2022  Aguardemos retaliações desesperadas nos próximos dias e meses.  #Somos57Milhoes #MulheresComBolsonaro #BolsonaroAte2026 #STFVergonhaNacional #STFEscritorioDoCrime #MordaçaNão #DitaduraNuncaMais,2,0.0
#URGENTE - Contas bolsonaristas no Twitter são retiradas do ar após decisão de Moraes  #G1,Grande dia kkkkk,2,0.0
"Vou parar, pra thread não ficar grande demais. Mostrei os 2 maiores exemplos e como é absurdo q as contas tenham levado tanto tempo para serem derrubadas.  São inúmeros os posts das outras contas suspensas.  Não se trata de liberdade de expressão, mas de REGRAS DA PLATAFORMA!","Felipe Neto reclamando de fake news enquanto espalha fake news kkkkkkkkkkkkkk esse cara é uma piada.  A censura foi de uma ação judicial, q só foi executada hoje. Mas claro, ele pode né",2,1.0
"As contas censuradas hoje contam com mais leitores do que os grandes jornais e veículos da velha imprensa.  Ou seja, a decisão de bloquear essas contas equivale ao fechamento de jornais e televisões, goste você ou não das opiniões emitidas por tais perfis.  Censura abjeta!","CENSURA é MC!  GRANDE DIA... Pra cima desses caluniadores, mentirosos, achacadores de seus opositores...  Meu dinheiro não é sustentar vagabundo disseminador de mentiras.  Derrete gabinete do ódio! #GovernoDeFraudes  Choraaaaa!",2,1.0
"Oi GALERA! Tô maus, mas já medicada. Não tenho condições de responder 1 a 1. Obrigada pelo carinho de todos! Então,  vi agora que Bob Jeff foi extirpado do Twitter. Que vergonha STF",STF vergonha. E tem Senador que Ameaça um Município todo. Se não votar nos Candidatos que ele apóia. #STFVergonhaNacional,2,0.0
"O primeiro país do mundo a usar tecnologia robótica pra auxilio à testagem em massa. Legal, né? Mas você provavelmente não vai ver isso na grande mídia. Por quê? Foi em Ruanda, na África. Isso não interessa à narrativa única que associa a África à pobreza e ao subdesenvolvimento.",Ruanda  que lindo isso,2,0.0
"Mude a localização para acessar meus tweets: 1. Vá em Conta e Privacidade, 2. Clique em Conta, 3. Depois em Dados e Permissões, 4. E mude sua localização para os EUA. Aí você acompanha meus Tweets normalmente. Tente censurar o Tio Sam agora, Cabeça de Ovo! #VozParaBernardoKuster",A internet é maravilhosa hahahaha censura não,2,0.0
"A censura ao Bernardo Küster é abjeta e inaceitável. Quando os tribunais começam a violar os direitos individuais mais básicos, é hora de a sociedade se unir e reagir. Os tiranos jamais podem se sentir confortáveis. #VozParaBernardoKuster",Vamos à guerra! Por eles e por nós!!! #marchaparabrasilia,2,0.0
"O incompetente Alexandre de Moraes segue a mesma narrativa da imprensa corrupta e não apresenta uma prova sequer contra os apoiadores do Presidente, aliás, o ditador aplica punição sem dizer o possível crime. É um moleque de toga.  #VozParaBernardoKuster","Homens de geleia, não suportam críticas. Arrogantes,abusam do poder. POVO BRASILEIRO  ART.1",2,0.0
